analysis,field,node,CI
test-fields,Field 2,TOTAL,6.115177030999151
test-fields,Field 2,ExplorationAndDrilling,1.7200118030010358
test-fields,Field 2,ProductionExtraction,4.252350893497416
test-fields,Field 2,SurfaceProcessing,0.0
test-fields,Field 2,TransportAndStorage,0.0
test-fields,Field 2,LiquifiedNaturalGas,0.0
test-fields,Field 2,After,0.0
test-fields,Field 3,TOTAL,7.005810271286428
test-fields,Field 3,ExplorationAndDrilling,1.7201248040705808
test-fields,Field 3,ProductionExtraction,5.053939558753511
test-fields,Field 3,SurfaceProcessing,0.0
test-fields,Field 3,TransportAndStorage,0.0
test-fields,Field 3,LiquifiedNaturalGas,0.0
test-fields,Field 3,After,0.0
test-fields,Field 4,TOTAL,7.276408446432929
test-fields,Field 4,ExplorationAndDrilling,1.7200186541776437
test-fields,Field 4,ProductionExtraction,5.299972317474169
test-fields,Field 4,SurfaceProcessing,0.0
test-fields,Field 4,TransportAndStorage,0.0
test-fields,Field 4,LiquifiedNaturalGas,0.0
test-fields,Field 4,After,0.0
test-fields,Field 5,TOTAL,6.80699775095737
test-fields,Field 5,ExplorationAndDrilling,1.7200936928196657
test-fields,Field 5,ProductionExtraction,4.943045860976329
test-fields,Field 5,SurfaceProcessing,0.0
test-fields,Field 5,TransportAndStorage,0.0
test-fields,Field 5,LiquifiedNaturalGas,0.0
test-fields,Field 5,After,0.0
test-fields,Field 6,TOTAL,8.577062714027974
test-fields,Field 6,ExplorationAndDrilling,1.7200071313763436
test-fields,Field 6,ProductionExtraction,6.310513973191799
test-fields,Field 6,SurfaceProcessing,0.0
test-fields,Field 6,TransportAndStorage,0.0
test-fields,Field 6,LiquifiedNaturalGas,0.0
test-fields,Field 6,After,0.0
test-fields,Field 7,TOTAL,6.032338795971147
test-fields,Field 7,ExplorationAndDrilling,1.7201814504341537
test-fields,Field 7,ProductionExtraction,4.150889484904749
test-fields,Field 7,SurfaceProcessing,0.0
test-fields,Field 7,TransportAndStorage,0.0
test-fields,Field 7,LiquifiedNaturalGas,0.0
test-fields,Field 7,After,0.0
test-fields,Field 8,TOTAL,6.563922024817817
test-fields,Field 8,ExplorationAndDrilling,1.7200088842367451
test-fields,Field 8,ProductionExtraction,4.383854710475919
test-fields,Field 8,SurfaceProcessing,0.0
test-fields,Field 8,TransportAndStorage,0.0
test-fields,Field 8,LiquifiedNaturalGas,0.0
test-fields,Field 8,After,0.0
test-fields,Field 9,TOTAL,6.6457283452069635
test-fields,Field 9,ExplorationAndDrilling,1.7205125798832126
test-fields,Field 9,ProductionExtraction,4.709004385305715
test-fields,Field 9,SurfaceProcessing,0.0
test-fields,Field 9,TransportAndStorage,0.0
test-fields,Field 9,LiquifiedNaturalGas,0.0
test-fields,Field 9,After,0.0
test-fields,Field 10,TOTAL,7.168504274560585
test-fields,Field 10,ExplorationAndDrilling,1.7200351814948358
test-fields,Field 10,ProductionExtraction,5.096934199511696
test-fields,Field 10,SurfaceProcessing,0.0
test-fields,Field 10,TransportAndStorage,0.0
test-fields,Field 10,LiquifiedNaturalGas,0.0
test-fields,Field 10,After,0.0
test-fields,Field 11,TOTAL,48.00169884245433
test-fields,Field 11,ExplorationAndDrilling,1.7200807300050218
test-fields,Field 11,ProductionExtraction,46.05177006584241
test-fields,Field 11,SurfaceProcessing,0.0
test-fields,Field 11,TransportAndStorage,0.0
test-fields,Field 11,LiquifiedNaturalGas,0.0
test-fields,Field 11,After,0.0
test-fields,Field 12,TOTAL,7.201992057606378
test-fields,Field 12,ExplorationAndDrilling,1.7203035410747596
test-fields,Field 12,ProductionExtraction,5.146404888996484
test-fields,Field 12,SurfaceProcessing,0.0
test-fields,Field 12,TransportAndStorage,0.0
test-fields,Field 12,LiquifiedNaturalGas,0.0
test-fields,Field 12,After,0.0
test-fields,Field 13,TOTAL,5.742420307192491
test-fields,Field 13,ExplorationAndDrilling,1.7200478090115612
test-fields,Field 13,ProductionExtraction,3.662826428164098
test-fields,Field 13,SurfaceProcessing,0.0
test-fields,Field 13,TransportAndStorage,0.0
test-fields,Field 13,LiquifiedNaturalGas,0.0
test-fields,Field 13,After,0.0
test-fields,Field 14,TOTAL,4.226984724744902
test-fields,Field 14,ExplorationAndDrilling,1.7200480236766587
test-fields,Field 14,ProductionExtraction,2.339524931646018
test-fields,Field 14,SurfaceProcessing,0.0
test-fields,Field 14,TransportAndStorage,0.0
test-fields,Field 14,LiquifiedNaturalGas,0.0
test-fields,Field 14,After,0.0
test-fields,Field 15,TOTAL,7.916003756820218
test-fields,Field 15,ExplorationAndDrilling,1.7200370307701291
test-fields,Field 15,ProductionExtraction,5.806276046691473
test-fields,Field 15,SurfaceProcessing,0.0
test-fields,Field 15,TransportAndStorage,0.0
test-fields,Field 15,LiquifiedNaturalGas,0.0
test-fields,Field 15,After,0.0
test-fields,Field 16,TOTAL,6.667135763139298
test-fields,Field 16,ExplorationAndDrilling,1.72007747344965
test-fields,Field 16,ProductionExtraction,4.746656049297193
test-fields,Field 16,SurfaceProcessing,0.0
test-fields,Field 16,TransportAndStorage,0.0
test-fields,Field 16,LiquifiedNaturalGas,0.0
test-fields,Field 16,After,0.0
test-fields,Field 17,TOTAL,12.778850818593451
test-fields,Field 17,ExplorationAndDrilling,1.7208672254525246
test-fields,Field 17,ProductionExtraction,10.843885509351551
test-fields,Field 17,SurfaceProcessing,0.0
test-fields,Field 17,TransportAndStorage,0.0
test-fields,Field 17,LiquifiedNaturalGas,0.0
test-fields,Field 17,After,0.0
test-fields,Field 18,TOTAL,11.989643711208707
test-fields,Field 18,ExplorationAndDrilling,1.7200130698160825
test-fields,Field 18,ProductionExtraction,9.16540199143032
test-fields,Field 18,SurfaceProcessing,0.0
test-fields,Field 18,TransportAndStorage,0.0
test-fields,Field 18,LiquifiedNaturalGas,0.0
test-fields,Field 18,After,0.0
test-fields,Field 19,TOTAL,7.737105292673187
test-fields,Field 19,ExplorationAndDrilling,1.7200106439429612
test-fields,Field 19,ProductionExtraction,5.712410987819863
test-fields,Field 19,SurfaceProcessing,0.0
test-fields,Field 19,TransportAndStorage,0.0
test-fields,Field 19,LiquifiedNaturalGas,0.0
test-fields,Field 19,After,0.0
test-fields,Field 20,TOTAL,40.46959099570512
test-fields,Field 20,ExplorationAndDrilling,1.7200032119382853
test-fields,Field 20,ProductionExtraction,31.237885391563804
test-fields,Field 20,SurfaceProcessing,0.0
test-fields,Field 20,TransportAndStorage,0.0
test-fields,Field 20,LiquifiedNaturalGas,0.0
test-fields,Field 20,After,0.0
test-fields,Field 21,TOTAL,8.013218199798002
test-fields,Field 21,ExplorationAndDrilling,1.7200193336078056
test-fields,Field 21,ProductionExtraction,5.8618463963703205
test-fields,Field 21,SurfaceProcessing,0.0
test-fields,Field 21,TransportAndStorage,0.0
test-fields,Field 21,LiquifiedNaturalGas,0.0
test-fields,Field 21,After,0.0
test-fields,Field 22,TOTAL,6.771306755406911
test-fields,Field 22,ExplorationAndDrilling,1.7200121308961003
test-fields,Field 22,ProductionExtraction,4.896155168425024
test-fields,Field 22,SurfaceProcessing,0.0
test-fields,Field 22,TransportAndStorage,0.0
test-fields,Field 22,LiquifiedNaturalGas,0.0
test-fields,Field 22,After,0.0
test-fields,Field 23,TOTAL,9.305432103368092
test-fields,Field 23,ExplorationAndDrilling,1.7200088218114962
test-fields,Field 23,ProductionExtraction,6.816383435683709
test-fields,Field 23,SurfaceProcessing,0.0
test-fields,Field 23,TransportAndStorage,0.0
test-fields,Field 23,LiquifiedNaturalGas,0.0
test-fields,Field 23,After,0.0
test-fields,Field 24,TOTAL,6.904995404624392
test-fields,Field 24,ExplorationAndDrilling,1.72000673771398
test-fields,Field 24,ProductionExtraction,5.020678058750718
test-fields,Field 24,SurfaceProcessing,0.0
test-fields,Field 24,TransportAndStorage,0.0
test-fields,Field 24,LiquifiedNaturalGas,0.0
test-fields,Field 24,After,0.0
test-fields,Field 25,TOTAL,7.308606082791945
test-fields,Field 25,ExplorationAndDrilling,1.7200040654746993
test-fields,Field 25,ProductionExtraction,5.224174279982516
test-fields,Field 25,SurfaceProcessing,0.0
test-fields,Field 25,TransportAndStorage,0.0
test-fields,Field 25,LiquifiedNaturalGas,0.0
test-fields,Field 25,After,0.0
test-fields,Field 26,TOTAL,6.075543180095609
test-fields,Field 26,ExplorationAndDrilling,1.7200085144828459
test-fields,Field 26,ProductionExtraction,4.218038006580993
test-fields,Field 26,SurfaceProcessing,0.0
test-fields,Field 26,TransportAndStorage,0.0
test-fields,Field 26,LiquifiedNaturalGas,0.0
test-fields,Field 26,After,0.0
test-fields,Field 27,TOTAL,12.904989784204682
test-fields,Field 27,ExplorationAndDrilling,1.720041985853985
test-fields,Field 27,ProductionExtraction,10.927030727609505
test-fields,Field 27,SurfaceProcessing,0.0
test-fields,Field 27,TransportAndStorage,0.0
test-fields,Field 27,LiquifiedNaturalGas,0.0
test-fields,Field 27,After,0.0
test-fields,Field 28,TOTAL,4.097905070085827
test-fields,Field 28,ExplorationAndDrilling,1.720011211911271
test-fields,Field 28,ProductionExtraction,2.235232381637253
test-fields,Field 28,SurfaceProcessing,0.0
test-fields,Field 28,TransportAndStorage,0.0
test-fields,Field 28,LiquifiedNaturalGas,0.0
test-fields,Field 28,After,0.0
test-fields,Field 29,TOTAL,6.09064063070064
test-fields,Field 29,ExplorationAndDrilling,1.72000172995739
test-fields,Field 29,ProductionExtraction,4.226492806246363
test-fields,Field 29,SurfaceProcessing,0.0
test-fields,Field 29,TransportAndStorage,0.0
test-fields,Field 29,LiquifiedNaturalGas,0.0
test-fields,Field 29,After,0.0
test-fields,Field 30,TOTAL,5.258433222413323
test-fields,Field 30,ExplorationAndDrilling,1.720035200070323
test-fields,Field 30,ProductionExtraction,3.307310356773347
test-fields,Field 30,SurfaceProcessing,0.0
test-fields,Field 30,TransportAndStorage,0.0
test-fields,Field 30,LiquifiedNaturalGas,0.0
test-fields,Field 30,After,0.0
test-fields,Field 31,TOTAL,179.5310526975075
test-fields,Field 31,ExplorationAndDrilling,1.7200110279419096
test-fields,Field 31,ProductionExtraction,146.47532348074682
test-fields,Field 31,SurfaceProcessing,0.0
test-fields,Field 31,TransportAndStorage,0.0
test-fields,Field 31,LiquifiedNaturalGas,0.0
test-fields,Field 31,After,0.0
test-fields,Field 32,TOTAL,6.10146979721158
test-fields,Field 32,ExplorationAndDrilling,1.7200048681674858
test-fields,Field 32,ProductionExtraction,4.2100645549032
test-fields,Field 32,SurfaceProcessing,0.0
test-fields,Field 32,TransportAndStorage,0.0
test-fields,Field 32,LiquifiedNaturalGas,0.0
test-fields,Field 32,After,0.0
test-fields,Field 33,TOTAL,10.837658955103116
test-fields,Field 33,ExplorationAndDrilling,1.720103011286018
test-fields,Field 33,ProductionExtraction,8.214688888661964
test-fields,Field 33,SurfaceProcessing,0.0
test-fields,Field 33,TransportAndStorage,0.0
test-fields,Field 33,LiquifiedNaturalGas,0.0
test-fields,Field 33,After,0.0
test-fields,Field 34,TOTAL,5.886473483791846
test-fields,Field 34,ExplorationAndDrilling,1.7200310900600193
test-fields,Field 34,ProductionExtraction,4.016221705256124
test-fields,Field 34,SurfaceProcessing,0.0
test-fields,Field 34,TransportAndStorage,0.0
test-fields,Field 34,LiquifiedNaturalGas,0.0
test-fields,Field 34,After,0.0
test-fields,Field 35,TOTAL,6.306220920707276
test-fields,Field 35,ExplorationAndDrilling,1.7200419862078562
test-fields,Field 35,ProductionExtraction,4.396974398695987
test-fields,Field 35,SurfaceProcessing,0.0
test-fields,Field 35,TransportAndStorage,0.0
test-fields,Field 35,LiquifiedNaturalGas,0.0
test-fields,Field 35,After,0.0
test-fields,Field 36,TOTAL,37.163261422158186
test-fields,Field 36,ExplorationAndDrilling,1.7265280629277948
test-fields,Field 36,ProductionExtraction,35.245402675681994
test-fields,Field 36,SurfaceProcessing,0.0
test-fields,Field 36,TransportAndStorage,0.0
test-fields,Field 36,LiquifiedNaturalGas,0.0
test-fields,Field 36,After,0.0
test-fields,Field 37,TOTAL,24.397742953592537
test-fields,Field 37,ExplorationAndDrilling,1.721204646015567
test-fields,Field 37,ProductionExtraction,22.480459646583267
test-fields,Field 37,SurfaceProcessing,0.0
test-fields,Field 37,TransportAndStorage,0.0
test-fields,Field 37,LiquifiedNaturalGas,0.0
test-fields,Field 37,After,0.0
test-fields,Field 38,TOTAL,48.65747273196926
test-fields,Field 38,ExplorationAndDrilling,1.7202785428914944
test-fields,Field 38,ProductionExtraction,46.762001951961565
test-fields,Field 38,SurfaceProcessing,0.0
test-fields,Field 38,TransportAndStorage,0.0
test-fields,Field 38,LiquifiedNaturalGas,0.0
test-fields,Field 38,After,0.0
test-fields,Field 39,TOTAL,22.480949862845286
test-fields,Field 39,ExplorationAndDrilling,1.7408286347326276
test-fields,Field 39,ProductionExtraction,20.289413453263307
test-fields,Field 39,SurfaceProcessing,0.0
test-fields,Field 39,TransportAndStorage,0.0
test-fields,Field 39,LiquifiedNaturalGas,0.0
test-fields,Field 39,After,0.0
test-fields,Field 40,TOTAL,4.418569385402599
test-fields,Field 40,ExplorationAndDrilling,1.720051144881599
test-fields,Field 40,ProductionExtraction,2.5560721503827435
test-fields,Field 40,SurfaceProcessing,0.0
test-fields,Field 40,TransportAndStorage,0.0
test-fields,Field 40,LiquifiedNaturalGas,0.0
test-fields,Field 40,After,0.0
test-fields,Field 41,TOTAL,7.827300169430563
test-fields,Field 41,ExplorationAndDrilling,1.7200916945180293
test-fields,Field 41,ProductionExtraction,5.908048142297548
test-fields,Field 41,SurfaceProcessing,0.0
test-fields,Field 41,TransportAndStorage,0.0
test-fields,Field 41,LiquifiedNaturalGas,0.0
test-fields,Field 41,After,0.0
test-fields,Field 42,TOTAL,8.138760464084159
test-fields,Field 42,ExplorationAndDrilling,1.7201542428459897
test-fields,Field 42,ProductionExtraction,6.238683599832256
test-fields,Field 42,SurfaceProcessing,0.0
test-fields,Field 42,TransportAndStorage,0.0
test-fields,Field 42,LiquifiedNaturalGas,0.0
test-fields,Field 42,After,0.0
test-fields,Field 43,TOTAL,10.079113877681092
test-fields,Field 43,ExplorationAndDrilling,1.7200961229060547
test-fields,Field 43,ProductionExtraction,7.580519183570188
test-fields,Field 43,SurfaceProcessing,0.0
test-fields,Field 43,TransportAndStorage,0.0
test-fields,Field 43,LiquifiedNaturalGas,0.0
test-fields,Field 43,After,0.0
test-fields,Field 44,TOTAL,12.896815047777014
test-fields,Field 44,ExplorationAndDrilling,1.720005759334156
test-fields,Field 44,ProductionExtraction,9.81599150158891
test-fields,Field 44,SurfaceProcessing,0.0
test-fields,Field 44,TransportAndStorage,0.0
test-fields,Field 44,LiquifiedNaturalGas,0.0
test-fields,Field 44,After,0.0
test-fields,Field 45,TOTAL,8.44537591803939
test-fields,Field 45,ExplorationAndDrilling,1.7200862834602324
test-fields,Field 45,ProductionExtraction,6.3869913987640174
test-fields,Field 45,SurfaceProcessing,0.0
test-fields,Field 45,TransportAndStorage,0.0
test-fields,Field 45,LiquifiedNaturalGas,0.0
test-fields,Field 45,After,0.0
test-fields,Field 46,TOTAL,10.645903796838635
test-fields,Field 46,ExplorationAndDrilling,1.720008528474197
test-fields,Field 46,ProductionExtraction,7.649583888914026
test-fields,Field 46,SurfaceProcessing,0.0
test-fields,Field 46,TransportAndStorage,0.0
test-fields,Field 46,LiquifiedNaturalGas,0.0
test-fields,Field 46,After,0.0
test-fields,Field 47,TOTAL,7.612420988290735
test-fields,Field 47,ExplorationAndDrilling,1.720004345524554
test-fields,Field 47,ProductionExtraction,5.429392407333256
test-fields,Field 47,SurfaceProcessing,0.0
test-fields,Field 47,TransportAndStorage,0.0
test-fields,Field 47,LiquifiedNaturalGas,0.0
test-fields,Field 47,After,0.0
test-fields,Field 48,TOTAL,5.961712642650195
test-fields,Field 48,ExplorationAndDrilling,1.720001638945391
test-fields,Field 48,ProductionExtraction,4.0992858629946705
test-fields,Field 48,SurfaceProcessing,0.0
test-fields,Field 48,TransportAndStorage,0.0
test-fields,Field 48,LiquifiedNaturalGas,0.0
test-fields,Field 48,After,0.0
test-fields,Field 49,TOTAL,6.275998934509159
test-fields,Field 49,ExplorationAndDrilling,1.7200006854760315
test-fields,Field 49,ProductionExtraction,4.38668297832069
test-fields,Field 49,SurfaceProcessing,0.0
test-fields,Field 49,TransportAndStorage,0.0
test-fields,Field 49,LiquifiedNaturalGas,0.0
test-fields,Field 49,After,0.0
test-fields,Field 50,TOTAL,7.852818646174186
test-fields,Field 50,ExplorationAndDrilling,1.720007335390533
test-fields,Field 50,ProductionExtraction,5.755580441852717
test-fields,Field 50,SurfaceProcessing,0.0
test-fields,Field 50,TransportAndStorage,0.0
test-fields,Field 50,LiquifiedNaturalGas,0.0
test-fields,Field 50,After,0.0
test-fields,Field 51,TOTAL,6.246100714155228
test-fields,Field 51,ExplorationAndDrilling,1.7200285052192732
test-fields,Field 51,ProductionExtraction,4.352593110425468
test-fields,Field 51,SurfaceProcessing,0.0
test-fields,Field 51,TransportAndStorage,0.0
test-fields,Field 51,LiquifiedNaturalGas,0.0
test-fields,Field 51,After,0.0
test-fields,Field 52,TOTAL,7.241715277486737
test-fields,Field 52,ExplorationAndDrilling,1.7200128770655678
test-fields,Field 52,ProductionExtraction,5.3106495690395406
test-fields,Field 52,SurfaceProcessing,0.0
test-fields,Field 52,TransportAndStorage,0.0
test-fields,Field 52,LiquifiedNaturalGas,0.0
test-fields,Field 52,After,0.0
test-fields,Field 53,TOTAL,30.344685517800105
test-fields,Field 53,ExplorationAndDrilling,1.732854818282328
test-fields,Field 53,ProductionExtraction,27.480775936505673
test-fields,Field 53,SurfaceProcessing,0.0
test-fields,Field 53,TransportAndStorage,0.0
test-fields,Field 53,LiquifiedNaturalGas,0.0
test-fields,Field 53,After,0.0
test-fields,Field 54,TOTAL,5.245857095378659
test-fields,Field 54,ExplorationAndDrilling,1.7200759991518104
test-fields,Field 54,ProductionExtraction,3.1737997154175646
test-fields,Field 54,SurfaceProcessing,0.0
test-fields,Field 54,TransportAndStorage,0.0
test-fields,Field 54,LiquifiedNaturalGas,0.0
test-fields,Field 54,After,0.0
test-fields,Field 55,TOTAL,5.245857095378659
test-fields,Field 55,ExplorationAndDrilling,1.7200759991518104
test-fields,Field 55,ProductionExtraction,3.1737997154175646
test-fields,Field 55,SurfaceProcessing,0.0
test-fields,Field 55,TransportAndStorage,0.0
test-fields,Field 55,LiquifiedNaturalGas,0.0
test-fields,Field 55,After,0.0
test-fields,Field 56,TOTAL,11.799825827696544
test-fields,Field 56,ExplorationAndDrilling,1.7200160771600492
test-fields,Field 56,ProductionExtraction,9.713527401357828
test-fields,Field 56,SurfaceProcessing,0.0
test-fields,Field 56,TransportAndStorage,0.0
test-fields,Field 56,LiquifiedNaturalGas,0.0
test-fields,Field 56,After,0.0
test-fields,Field 56,CrudeOilDewatering,0.16269290359526029
test-fields,Field 57,TOTAL,15.130112308670025
test-fields,Field 57,ExplorationAndDrilling,1.7200090831341999
test-fields,Field 57,ProductionExtraction,13.041189777502792
test-fields,Field 57,SurfaceProcessing,0.0
test-fields,Field 57,TransportAndStorage,0.0
test-fields,Field 57,LiquifiedNaturalGas,0.0
test-fields,Field 57,After,0.0
test-fields,Field 57,CrudeOilDewatering,0.165636949967331
test-fields,Field 58,TOTAL,4.591702591517836
test-fields,Field 58,ExplorationAndDrilling,1.7200211940453436
test-fields,Field 58,ProductionExtraction,2.5027551126448855
test-fields,Field 58,SurfaceProcessing,0.0
test-fields,Field 58,TransportAndStorage,0.0
test-fields,Field 58,LiquifiedNaturalGas,0.0
test-fields,Field 58,After,0.0
test-fields,Field 58,CrudeOilDewatering,0.16563694996733094
test-fields,Field 59,TOTAL,11.971797213849477
test-fields,Field 59,ExplorationAndDrilling,1.7200063581929566
test-fields,Field 59,ProductionExtraction,9.883066905850995
test-fields,Field 59,SurfaceProcessing,0.0
test-fields,Field 59,TransportAndStorage,0.0
test-fields,Field 59,LiquifiedNaturalGas,0.0
test-fields,Field 59,After,0.0
test-fields,Field 59,CrudeOilDewatering,0.16563694996733097
test-fields,Field 60,TOTAL,6.856659670217318
test-fields,Field 60,ExplorationAndDrilling,1.7200116596657862
test-fields,Field 60,ProductionExtraction,4.804675077278794
test-fields,Field 60,SurfaceProcessing,0.0
test-fields,Field 60,TransportAndStorage,0.0
test-fields,Field 60,LiquifiedNaturalGas,0.0
test-fields,Field 60,After,0.0
test-fields,Field 60,CrudeOilDewatering,0.16678695239633656
test-fields,Field 61,TOTAL,7.353325587894864
test-fields,Field 61,ExplorationAndDrilling,1.7200164786162442
test-fields,Field 61,ProductionExtraction,5.3046967386867125
test-fields,Field 61,SurfaceProcessing,0.0
test-fields,Field 61,TransportAndStorage,0.0
test-fields,Field 61,LiquifiedNaturalGas,0.0
test-fields,Field 61,After,0.0
test-fields,Field 61,CrudeOilDewatering,0.16678695239633654
test-fields,Field 62,TOTAL,9.629846864178665
test-fields,Field 62,ExplorationAndDrilling,1.7201307593873496
test-fields,Field 62,ProductionExtraction,7.580881173295723
test-fields,Field 62,SurfaceProcessing,0.0
test-fields,Field 62,TransportAndStorage,0.0
test-fields,Field 62,LiquifiedNaturalGas,0.0
test-fields,Field 62,After,0.0
test-fields,Field 62,CrudeOilDewatering,0.17085315770895426
test-fields,Field 63,TOTAL,11.285953714972731
test-fields,Field 63,ExplorationAndDrilling,1.7220495149845942
test-fields,Field 63,ProductionExtraction,9.234976669836048
test-fields,Field 63,SurfaceProcessing,0.0
test-fields,Field 63,TransportAndStorage,0.0
test-fields,Field 63,LiquifiedNaturalGas,0.0
test-fields,Field 63,After,0.0
test-fields,Field 63,CrudeOilDewatering,0.17085315770895426
test-fields,Field 64,TOTAL,7.909949943625205
test-fields,Field 64,ExplorationAndDrilling,1.7200194808839104
test-fields,Field 64,ProductionExtraction,5.55744365953145
test-fields,Field 64,SurfaceProcessing,0.0
test-fields,Field 64,TransportAndStorage,0.0
test-fields,Field 64,LiquifiedNaturalGas,0.0
test-fields,Field 64,After,0.0
test-fields,Field 65,TOTAL,1822.2478464669207
test-fields,Field 65,ExplorationAndDrilling,1.7200235038483365
test-fields,Field 65,ProductionExtraction,1492.136002232942
test-fields,Field 65,SurfaceProcessing,0.0
test-fields,Field 65,TransportAndStorage,0.0
test-fields,Field 65,LiquifiedNaturalGas,0.0
test-fields,Field 65,After,0.0
test-fields,Field 66,TOTAL,7.136086483305892
test-fields,Field 66,ExplorationAndDrilling,1.7201361657113863
test-fields,Field 66,ProductionExtraction,5.173035860812535
test-fields,Field 66,SurfaceProcessing,0.0
test-fields,Field 66,TransportAndStorage,0.0
test-fields,Field 66,LiquifiedNaturalGas,0.0
test-fields,Field 66,After,0.0
test-fields,Field 67,TOTAL,38.750132981752444
test-fields,Field 67,ExplorationAndDrilling,1.7200178393642445
test-fields,Field 67,ProductionExtraction,30.292663985509503
test-fields,Field 67,SurfaceProcessing,0.0
test-fields,Field 67,TransportAndStorage,0.0
test-fields,Field 67,LiquifiedNaturalGas,0.0
test-fields,Field 67,After,0.0
test-fields,Field 68,TOTAL,37.98402046631178
test-fields,Field 68,ExplorationAndDrilling,1.7200178393642445
test-fields,Field 68,ProductionExtraction,29.680830935077665
test-fields,Field 68,SurfaceProcessing,0.0
test-fields,Field 68,TransportAndStorage,0.0
test-fields,Field 68,LiquifiedNaturalGas,0.0
test-fields,Field 68,After,0.0
test-fields,Field 69,TOTAL,37.217907950871115
test-fields,Field 69,ExplorationAndDrilling,1.7200178393642445
test-fields,Field 69,ProductionExtraction,29.068997884645825
test-fields,Field 69,SurfaceProcessing,0.0
test-fields,Field 69,TransportAndStorage,0.0
test-fields,Field 69,LiquifiedNaturalGas,0.0
test-fields,Field 69,After,0.0
test-fields,Field 70,TOTAL,36.21060065639926
test-fields,Field 70,ExplorationAndDrilling,1.7200178393642445
test-fields,Field 70,ProductionExtraction,28.264541773725256
test-fields,Field 70,SurfaceProcessing,0.0
test-fields,Field 70,TransportAndStorage,0.0
test-fields,Field 70,LiquifiedNaturalGas,0.0
test-fields,Field 70,After,0.0
test-fields,Field 71,TOTAL,6.784464760493583
test-fields,Field 71,ExplorationAndDrilling,1.720128999721673
test-fields,Field 71,ProductionExtraction,4.222039892511021
test-fields,Field 71,SurfaceProcessing,0.0
test-fields,Field 71,TransportAndStorage,0.0
test-fields,Field 71,LiquifiedNaturalGas,0.0
test-fields,Field 71,After,0.0
test-fields,Field 71,CrudeOilDewatering,0.0
test-fields,Field 72,TOTAL,13.20047960390292
test-fields,Field 72,ExplorationAndDrilling,1.7202072299465012
test-fields,Field 72,ProductionExtraction,11.027586768085872
test-fields,Field 72,SurfaceProcessing,0.0
test-fields,Field 72,TransportAndStorage,0.0
test-fields,Field 72,LiquifiedNaturalGas,0.0
test-fields,Field 72,After,0.0
test-fields,Field 72,CrudeOilDewatering,0.0
test-fields,Field 73,TOTAL,19.955596955297455
test-fields,Field 73,ExplorationAndDrilling,1.720009346219928
test-fields,Field 73,ProductionExtraction,15.285480159152643
test-fields,Field 73,SurfaceProcessing,0.0
test-fields,Field 73,TransportAndStorage,0.0
test-fields,Field 73,LiquifiedNaturalGas,0.0
test-fields,Field 73,After,0.0
test-fields,Field 74,TOTAL,850.9382903329816
test-fields,Field 74,ExplorationAndDrilling,1.7200117440062563
test-fields,Field 74,ProductionExtraction,696.4239502976661
test-fields,Field 74,SurfaceProcessing,0.0
test-fields,Field 74,TransportAndStorage,0.0
test-fields,Field 74,LiquifiedNaturalGas,0.0
test-fields,Field 74,After,0.0
test-fields,Field 75,TOTAL,6.63310431734174
test-fields,Field 75,ExplorationAndDrilling,1.7202568625121963
test-fields,Field 75,ProductionExtraction,4.699932404644528
test-fields,Field 75,SurfaceProcessing,0.0
test-fields,Field 75,TransportAndStorage,0.0
test-fields,Field 75,LiquifiedNaturalGas,0.0
test-fields,Field 75,After,0.0
test-fields,Field 76,TOTAL,6.788836235116177
test-fields,Field 76,ExplorationAndDrilling,1.7200399372674242
test-fields,Field 76,ProductionExtraction,4.579118355740973
test-fields,Field 76,SurfaceProcessing,0.0
test-fields,Field 76,TransportAndStorage,0.0
test-fields,Field 76,LiquifiedNaturalGas,0.0
test-fields,Field 76,After,0.0
test-fields,Field 77,TOTAL,6.360549766126903
test-fields,Field 77,ExplorationAndDrilling,1.7201695919544189
test-fields,Field 77,ProductionExtraction,4.440930132848532
test-fields,Field 77,SurfaceProcessing,0.0
test-fields,Field 77,TransportAndStorage,0.0
test-fields,Field 77,LiquifiedNaturalGas,0.0
test-fields,Field 77,After,0.0
test-fields,Field 78,TOTAL,5.650999105784145
test-fields,Field 78,ExplorationAndDrilling,1.7200071000739505
test-fields,Field 78,ProductionExtraction,3.786535142308552
test-fields,Field 78,SurfaceProcessing,0.0
test-fields,Field 78,TransportAndStorage,0.0
test-fields,Field 78,LiquifiedNaturalGas,0.0
test-fields,Field 78,After,0.0
test-fields,Field 79,TOTAL,19.32877406480008
test-fields,Field 79,ExplorationAndDrilling,1.7201028704376227
test-fields,Field 79,ProductionExtraction,14.950825732143539
test-fields,Field 79,SurfaceProcessing,0.0
test-fields,Field 79,TransportAndStorage,0.0
test-fields,Field 79,LiquifiedNaturalGas,0.0
test-fields,Field 79,After,0.0
test-fields,Field 80,TOTAL,18.452882957137113
test-fields,Field 80,ExplorationAndDrilling,1.720002259516679
test-fields,Field 80,ProductionExtraction,13.834829752385506
test-fields,Field 80,SurfaceProcessing,0.0
test-fields,Field 80,TransportAndStorage,0.0
test-fields,Field 80,LiquifiedNaturalGas,0.0
test-fields,Field 80,After,0.0
test-fields,Field 81,TOTAL,9.385278674255115
test-fields,Field 81,ExplorationAndDrilling,1.7200719389633983
test-fields,Field 81,ProductionExtraction,7.526516193974107
test-fields,Field 81,SurfaceProcessing,0.0
test-fields,Field 81,TransportAndStorage,0.0
test-fields,Field 81,LiquifiedNaturalGas,0.0
test-fields,Field 81,After,0.0
test-fields,Field 82,TOTAL,6.791829355843841
test-fields,Field 82,ExplorationAndDrilling,1.7200116516147246
test-fields,Field 82,ProductionExtraction,4.593681193364679
test-fields,Field 82,SurfaceProcessing,0.0
test-fields,Field 82,TransportAndStorage,0.0
test-fields,Field 82,LiquifiedNaturalGas,0.0
test-fields,Field 82,After,0.0
test-fields,Field 83,TOTAL,20.686759259918087
test-fields,Field 83,ExplorationAndDrilling,1.7217222806155374
test-fields,Field 83,ProductionExtraction,14.569648342360404
test-fields,Field 83,SurfaceProcessing,0.0
test-fields,Field 83,TransportAndStorage,0.0
test-fields,Field 83,LiquifiedNaturalGas,0.0
test-fields,Field 83,After,0.0
test-fields,Field 83,CrudeOilDewatering,0.0
test-fields,Field 84,TOTAL,16.064381199666308
test-fields,Field 84,ExplorationAndDrilling,1.7217222806155374
test-fields,Field 84,ProductionExtraction,11.187577119291843
test-fields,Field 84,SurfaceProcessing,0.0
test-fields,Field 84,TransportAndStorage,0.0
test-fields,Field 84,LiquifiedNaturalGas,0.0
test-fields,Field 84,After,0.0
test-fields,Field 84,CrudeOilDewatering,0.0
test-fields,Field 85,TOTAL,18.28550997946441
test-fields,Field 85,ExplorationAndDrilling,0.00015766252303421206
test-fields,Field 85,ProductionExtraction,4.128694251757993
test-fields,Field 85,SurfaceProcessing,9.592953294834363
test-fields,Field 85,TransportAndStorage,0.0
test-fields,Field 85,LiquifiedNaturalGas,0.0
test-fields,Field 85,After,0.0
test-fields,Field 86,TOTAL,24.557182686553077
test-fields,Field 86,ExplorationAndDrilling,0.0001422910224416077
test-fields,Field 86,ProductionExtraction,3.7235299591605595
test-fields,Field 86,SurfaceProcessing,14.79491601753991
test-fields,Field 86,TransportAndStorage,0.0
test-fields,Field 86,LiquifiedNaturalGas,0.0
test-fields,Field 86,After,0.0
test-fields,Field 87,TOTAL,8.416222091540337
test-fields,Field 87,ExplorationAndDrilling,0.00014170152051970608
test-fields,Field 87,ProductionExtraction,4.860657950743334
test-fields,Field 87,SurfaceProcessing,0.0
test-fields,Field 87,TransportAndStorage,0.0
test-fields,Field 87,LiquifiedNaturalGas,0.0
test-fields,Field 87,After,0.0
test-fields,Field 87,HeavyOilDilution,0.3817861542541385
test-fields,Field 88,TOTAL,7.977081693416816
test-fields,Field 88,ExplorationAndDrilling,0.00012817653561984817
test-fields,Field 88,ProductionExtraction,4.7608854799249265
test-fields,Field 88,SurfaceProcessing,0.0
test-fields,Field 88,TransportAndStorage,0.0
test-fields,Field 88,LiquifiedNaturalGas,0.0
test-fields,Field 88,After,0.0
test-fields,Field 88,HeavyOilDilution,0.3453458115371105
test-fields,Field 89,TOTAL,25.819930585653843
test-fields,Field 89,ExplorationAndDrilling,1.7217222806155374
test-fields,Field 89,ProductionExtraction,19.706506213068067
test-fields,Field 89,SurfaceProcessing,0.0
test-fields,Field 89,TransportAndStorage,0.0
test-fields,Field 89,LiquifiedNaturalGas,0.0
test-fields,Field 89,After,0.0
test-fields,Field 89,CrudeOilDewatering,0.0
test-fields,Field 90,TOTAL,19.610250770395027
test-fields,Field 90,ExplorationAndDrilling,1.7217222806155374
test-fields,Field 90,ProductionExtraction,14.747329503378733
test-fields,Field 90,SurfaceProcessing,0.0
test-fields,Field 90,TransportAndStorage,0.0
test-fields,Field 90,LiquifiedNaturalGas,0.0
test-fields,Field 90,After,0.0
test-fields,Field 90,CrudeOilDewatering,0.0
test-fields,Field 91,TOTAL,18.157345407650375
test-fields,Field 91,ExplorationAndDrilling,0.00015766252303421206
test-fields,Field 91,ProductionExtraction,4.128694251757993
test-fields,Field 91,SurfaceProcessing,9.900295955595857
test-fields,Field 91,TransportAndStorage,0.0
test-fields,Field 91,LiquifiedNaturalGas,0.0
test-fields,Field 91,After,0.0
test-fields,Field 92,TOTAL,24.092979312505243
test-fields,Field 92,ExplorationAndDrilling,0.0001422910224416077
test-fields,Field 92,ProductionExtraction,3.7235299591605595
test-fields,Field 92,SurfaceProcessing,15.908090259805027
test-fields,Field 92,TransportAndStorage,0.0
test-fields,Field 92,LiquifiedNaturalGas,0.0
test-fields,Field 92,After,0.0
test-fields,Field 93,TOTAL,8.427802698588911
test-fields,Field 93,ExplorationAndDrilling,0.00014170152051970608
test-fields,Field 93,ProductionExtraction,4.872238557791907
test-fields,Field 93,SurfaceProcessing,0.0
test-fields,Field 93,TransportAndStorage,0.0
test-fields,Field 93,LiquifiedNaturalGas,0.0
test-fields,Field 93,After,0.0
test-fields,Field 93,HeavyOilDilution,0.3817861542541385
test-fields,Field 94,TOTAL,32.25209553982121
test-fields,Field 94,ExplorationAndDrilling,1.7217222806155374
test-fields,Field 94,ProductionExtraction,24.843364083775732
test-fields,Field 94,SurfaceProcessing,0.0
test-fields,Field 94,TransportAndStorage,0.0
test-fields,Field 94,LiquifiedNaturalGas,0.0
test-fields,Field 94,After,0.0
test-fields,Field 94,CrudeOilDewatering,0.0
test-fields,Field 95,TOTAL,24.06762823863381
test-fields,Field 95,ExplorationAndDrilling,1.7217222806155374
test-fields,Field 95,ProductionExtraction,18.30708188746562
test-fields,Field 95,SurfaceProcessing,0.0
test-fields,Field 95,TransportAndStorage,0.0
test-fields,Field 95,LiquifiedNaturalGas,0.0
test-fields,Field 95,After,0.0
test-fields,Field 95,CrudeOilDewatering,0.0
test-fields,Field 96,TOTAL,18.02918083583634
test-fields,Field 96,ExplorationAndDrilling,0.00015766252303421206
test-fields,Field 96,ProductionExtraction,4.128694251757993
test-fields,Field 96,SurfaceProcessing,10.207638616357347
test-fields,Field 96,TransportAndStorage,0.0
test-fields,Field 96,LiquifiedNaturalGas,0.0
test-fields,Field 96,After,0.0
test-fields,Field 97,TOTAL,23.79892381058602
test-fields,Field 97,ExplorationAndDrilling,0.0001422910224416077
test-fields,Field 97,ProductionExtraction,3.7235299591605595
test-fields,Field 97,SurfaceProcessing,17.02126450207015
test-fields,Field 97,TransportAndStorage,0.0
test-fields,Field 97,LiquifiedNaturalGas,0.0
test-fields,Field 97,After,0.0
test-fields,Field 98,TOTAL,8.416222091540337
test-fields,Field 98,ExplorationAndDrilling,0.00014170152051970608
test-fields,Field 98,ProductionExtraction,4.860657950743334
test-fields,Field 98,SurfaceProcessing,0.0
test-fields,Field 98,TransportAndStorage,0.0
test-fields,Field 98,LiquifiedNaturalGas,0.0
test-fields,Field 98,After,0.0
test-fields,Field 98,HeavyOilDilution,0.3817861542541385
test-fields,Field 99,TOTAL,7.5387641449297345
test-fields,Field 99,ExplorationAndDrilling,1.7219359985494964
test-fields,Field 99,ProductionExtraction,5.444862237270286
test-fields,Field 99,SurfaceProcessing,0.0
test-fields,Field 99,TransportAndStorage,0.0
test-fields,Field 99,LiquifiedNaturalGas,0.0
test-fields,Field 99,After,0.0
test-fields,Field 100,TOTAL,7.5387641449297345
test-fields,Field 100,ExplorationAndDrilling,1.7219359985494964
test-fields,Field 100,ProductionExtraction,5.444862237270286
test-fields,Field 100,SurfaceProcessing,0.0
test-fields,Field 100,TransportAndStorage,0.0
test-fields,Field 100,LiquifiedNaturalGas,0.0
test-fields,Field 100,After,0.0
test-fields,Field 101,TOTAL,7.5387641449297345
test-fields,Field 101,ExplorationAndDrilling,1.7219359985494964
test-fields,Field 101,ProductionExtraction,5.444862237270286
test-fields,Field 101,SurfaceProcessing,0.0
test-fields,Field 101,TransportAndStorage,0.0
test-fields,Field 101,LiquifiedNaturalGas,0.0
test-fields,Field 101,After,0.0
